run_id,protein
00a89706,ube4b
014c9aa2,pab1
029f56ab,tem-1
05b81d3c,grb2
06dde834,dlg4
087903e0,tem-1
0de16705,avgfp
0e6692e3,grb2
0f781710,grb2
127f661f,ube4b
146af08e,tem-1
15414e99,ube4b
164fb1dd,pten
17107acf,dlg4
198c46ca,pab1
1a070927,gb1
1c1e3c50,pten
1c388852,ube4b
1c51f58e,tem-1
1e221927,pab1
1e53b574,grb2
1e656afd,avgfp
1fb423ec,pten
214e588f,grb2
257d7299,dlg4
27c38cb8,pten
2d554b2f,ube4b
2fcd8ab7,pten
3009f323,avgfp
314724c7,ube4b
32eee984,ube4b
34229927,pab1
35a1fd65,dlg4
375604af,pten
3964a673,ube4b
3d2fffb6,pab1
409792d3,avgfp
41b674bd,avgfp
42977bd6,pten
4c06f4b9,gb1
5002e34a,grb2
5169a2d5,avgfp
52b57742,gb1
535be217,dlg4
535c9328,ube4b
53f8bc0e,gb1
541b348c,pten
54b81b02,avgfp
5a8498a7,avgfp
5bdf2897,ube4b
5d029ee5,tem-1
5fd83344,ube4b
63147162,avgfp
635f8dd1,tem-1
640755b4,dlg4
659f4675,pab1
67bb7821,pab1
6a505a24,tem-1
6c04f6a5,pab1
6c5ba66b,gb1
6cb093d1,pten
6e78117d,pab1
6e884f89,tem-1
7768e0b1,pten
77705aff,grb2
817c2fa3,dlg4
8325488c,dlg4
83d4c4c6,pab1
842ec70c,dlg4
858928f8,avgfp
86a402a6,tem-1
88171efd,pab1
8a1a4390,avgfp
90cf44a5,avgfp
9261cb69,gb1
9459a68f,gb1
967c95b3,avgfp
9771912b,pab1
9848b3b8,pten
99622ac6,tem-1
9add4dea,gb1
9b9eafdd,gb1
9d50c980,ube4b
9d63c43d,dlg4
9ebd589d,tem-1
9ee40fde,ube4b
a1661e09,tem-1
a2553d3d,pten
a29754f3,avgfp
a581d80c,avgfp
a7614d65,grb2
ac2bf998,grb2
adab2a88,pab1
aed98d2c,avgfp
afb86f2e,avgfp
afce8935,tem-1
b129899d,pten
b2a06727,grb2
b2cfd295,gb1
b3d2f112,avgfp
b5a099ff,avgfp
b7275486,avgfp
b996be0d,pab1
b9c50e25,dlg4
ba1f6ee8,ube4b
bba93893,ube4b
bddea9ef,gb1
be4d4b4c,grb2
beed0dd9,dlg4
bf091651,grb2
c247f6da,gb1
c2bcbf54,grb2
c65f150f,dlg4
c6763e41,gb1
c6d56fd8,tem-1
c7a6a6a0,tem-1
ca271395,avgfp
cc6f0421,dlg4
d17a8e85,dlg4
d1e5b776,grb2
d24e8554,grb2
d2dc9b36,pten
d3a3c0ac,gb1
d4485a41,pab1
d5baf795,avgfp
d5e75f2b,pab1
d8b82b34,tem-1
d94b5096,ube4b
db03d399,gb1
dbbabdf0,grb2
dc19e593,avgfp
dd9496c3,avgfp
e0a87e82,gb1
e0bdf386,gb1
e383b943,grb2
e55e82db,pten
e5dd373b,gb1
e73ae34a,pten
e95c1198,avgfp
ea2f5dc6,grb2
ecb857f2,dlg4
edf58d7d,pten
ef212711,avgfp
f1655e98,pab1
f18557c2,tem-1
f3084482,avgfp
f494b0f1,pten
f537af25,tem-1
f86f860f,dlg4
f8df6ca3,pab1
fa457c45,ube4b
fdbfee12,ube4b
fe3f893d,dlg4
